80,0,0,0,0,0,0,0,0,1,0,0,0,0,0,0,0,0,1,0,1,0,0,0,0,0,0,0,0,0,0,0,0,0,0,0,0,0,0,0,0,0,0,0,0,0,0,0,0,0,0,0,0,1,0,0,0,7,0,0,0,0,0,0,0,0,0,0,0,0,1,0,0,0,0,0,0,0,0,0,0,0,0,6,0,0,0,0,0,0,0,0,2,0,0,0,0,0,0,0
2,67,0,0,1,0,0,1,0,0,0,0,0,0,1,0,0,0,0,0,0,0,0,0,0,0,1,0,0,0,0,0,1,1,0,0,1,0,0,0,0,0,0,0,1,1,0,0,1,0,1,2,0,2,2,0,0,0,1,0,0,0,3,0,0,0,0,1,0,0,0,0,0,0,0,0,0,1,1,0,0,1,0,0,0,0,0,1,0,0,1,0,3,1,0,0,0,0,0,0
1,0,42,0,0,0,1,1,0,0,1,10,0,0,0,0,0,0,1,1,0,0,2,0,0,2,1,0,2,1,0,0,1,0,0,9,0,0,1,0,1,0,0,0,1,1,5,0,0,0,0,1,0,0,1,0,0,1,0,0,0,0,0,0,0,3,0,0,0,1,0,0,1,0,0,0,0,1,0,0,0,0,1,0,1,0,0,0,0,0,0,0,0,0,0,0,0,1,3,0
0,0,0,27,7,0,1,0,0,0,0,0,1,0,0,1,0,0,1,9,0,5,0,0,0,0,0,0,1,0,2,4,2,0,3,1,0,0,1,0,0,0,1,1,3,0,0,0,0,0,2,1,0,0,0,2,0,0,1,1,0,0,0,1,1,1,2,1,0,0,0,0,3,0,4,1,0,0,0,0,2,0,0,0,0,0,1,0,0,0,0,0,0,1,0,1,0,2,1,0
0,0,0,4,39,0,0,1,0,0,0,0,0,0,0,0,0,0,0,1,0,2,2,0,0,0,0,1,0,1,1,0,0,2,0,0,1,0,1,0,0,0,0,2,0,1,1,0,0,0,0,2,0,0,0,5,1,0,0,0,0,0,0,2,2,1,3,1,0,0,0,0,1,0,7,0,0,2,0,0,2,0,0,0,0,0,0,0,0,0,0,1,0,6,0,1,0,0,2,1
0,1,0,0,0,37,1,0,1,0,0,0,4,3,0,0,0,0,1,0,10,0,1,0,0,13,0,0,0,1,0,0,1,0,0,0,2,1,0,0,2,0,0,0,1,1,0,0,0,0,1,0,0,0,0,0,0,0,0,0,0,0,0,0,0,2,0,0,0,1,0,1,1,0,0,0,0,0,0,0,1,2,0,0,5,0,0,3,0,0,0,0,0,0,2,0,0,0,0,0
0,0,0,0,1,0,59,2,0,0,0,1,0,0,3,0,0,0,2,0,0,0,0,0,4,0,1,1,0,4,0,0,0,0,0,2,1,0,0,0,0,0,1,1,0,4,0,0,0,0,0,1,0,1,2,0,1,1,0,0,0,0,1,0,2,0,0,0,0,0,0,0,0,0,0,0,0,2,0,0,2,0,0,0,0,0,0,0,0,0,0,0,0,0,0,0,0,0,0,0
0,0,1,0,1,0,2,63,1,0,0,0,0,0,6,0,2,0,1,0,0,0,0,0,8,0,1,0,1,0,0,0,0,0,0,0,0,0,0,0,0,2,0,0,0,2,0,0,0,0,0,0,0,0,1,1,0,0,0,0,0,0,0,0,0,0,0,0,1,0,1,0,0,0,2,0,0,0,1,1,0,0,0,0,0,0,0,0,0,0,0,0,0,0,0,0,0,0,0,1
0,0,0,1,1,1,0,0,59,0,0,0,0,1,0,0,1,0,0,0,0,1,0,0,1,0,1,0,0,0,1,0,0,1,0,1,0,0,0,0,0,0,1,0,0,1,2,0,7,0,0,1,0,0,0,0,1,0,0,1,0,1,0,0,0,0,0,0,0,0,0,0,1,0,0,0,0,0,2,1,1,0,0,0,0,1,0,0,2,4,0,0,0,1,0,0,0,0,0,2
0,0,0,0,0,0,0,2,0,54,0,3,1,2,0,0,3,0,0,0,1,0,0,0,0,0,0,0,1,0,0,0,0,0,0,1,0,1,0,0,8,0,0,1,0,0,1,0,0,0,0,0,0,0,0,0,2,3,0,0,0,0,0,0,0,3,0,1,0,1,1,0,1,0,0,0,2,0,0,1,0,0,0,0,1,0,3,0,0,0,1,0,0,0,1,0,0,0,0,0
3,3,0,0,0,0,0,0,0,0,25,1,0,0,1,1,1,0,0,0,1,0,7,1,0,1,1,0,6,0,0,1,0,0,0,1,0,0,0,1,3,0,0,0,2,2,1,1,1,0,1,0,0,0,0,0,0,2,1,0,0,11,2,0,1,1,0,0,0,1,1,0,0,2,1,0,0,0,2,0,0,0,0,1,1,1,2,0,0,0,0,1,0,1,1,1,0,0,0,0
0,0,9,0,0,1,0,0,0,3,0,39,1,0,0,0,2,0,0,0,0,2,0,0,0,0,0,0,0,0,0,0,2,0,0,13,2,0,1,1,0,0,0,0,0,1,9,0,0,0,0,2,0,0,0,0,0,1,0,0,0,0,0,1,0,0,0,0,0,0,0,0,0,1,0,0,0,1,0,0,0,0,0,0,0,0,1,0,2,0,0,0,0,0,0,0,0,0,4,1
0,0,0,0,0,0,0,0,0,0,0,0,65,1,0,0,0,1,0,0,0,0,0,0,0,2,1,1,0,0,0,2,1,0,1,0,0,3,0,0,1,0,0,0,0,0,0,0,0,0,0,1,0,0,0,0,0,0,1,1,0,0,0,0,0,1,0,0,2,2,0,2,0,0,0,0,3,0,0,0,0,2,0,0,1,1,0,1,1,0,1,0,0,0,0,1,0,0,0,0
0,1,0,0,0,2,0,0,0,2,0,0,1,46,0,0,2,0,0,1,0,0,0,0,0,2,0,0,0,0,0,0,1,0,0,1,0,2,0,0,0,1,0,0,0,0,0,0,3,0,0,0,0,0,0,0,0,0,12,0,1,0,0,0,0,0,0,0,0,0,0,0,0,0,0,0,0,0,0,0,0,8,1,0,0,4,0,1,0,3,3,0,0,0,0,0,1,1,0,0
0,2,0,1,1,0,3,5,0,1,3,1,0,0,38,1,0,0,6,0,0,1,1,0,0,1,0,2,0,1,0,0,1,0,0,0,0,0,0,0,0,0,2,0,0,1,0,0,0,1,1,1,0,1,1,0,0,0,0,0,0,1,3,1,0,2,0,1,0,0,0,0,0,0,0,2,1,2,2,1,0,0,1,3,0,0,0,0,1,0,1,0,1,0,0,0,0,0,0,0
0,0,0,2,0,0,0,0,0,0,0,0,0,0,0,56,1,4,0,3,0,0,0,0,1,0,0,0,0,3,0,6,0,0,1,2,0,0,3,1,0,0,0,4,0,0,0,0,0,0,1,2,0,0,0,1,0,0,1,0,0,0,0,0,2,2,0,0,0,0,0,0,1,0,0,0,0,0,0,0,0,0,0,0,0,0,0,0,0,0,0,0,0,0,0,0,0,1,2,0
0,0,1,0,0,2,0,1,0,2,4,3,0,0,0,0,60,0,1,0,0,0,4,0,0,0,0,0,1,0,0,0,0,0,0,1,0,1,0,2,1,0,0,0,0,1,0,0,0,0,0,0,0,0,0,0,0,1,0,0,0,1,0,0,0,0,1,0,0,0,0,0,0,0,0,0,2,0,2,0,0,2,0,1,0,0,2,1,0,0,0,1,0,0,1,0,0,0,0,0
0,0,0,0,0,0,0,0,0,0,0,0,1,1,0,2,0,74,0,0,0,0,0,0,0,0,0,0,0,1,0,1,0,0,0,0,0,7,0,1,0,0,0,0,0,0,0,0,0,3,0,0,0,0,0,0,0,0,1,0,0,0,0,0,0,0,0,0,1,0,0,0,0,0,0,0,3,0,0,0,1,1,0,0,0,0,0,0,0,2,0,0,0,0,0,0,0,0,0,0
0,1,0,0,1,0,2,1,0,0,0,0,0,0,4,0,0,0,46,0,0,0,1,0,0,0,1,1,2,0,1,0,0,2,0,1,0,1,1,0,1,1,0,0,2,2,0,0,0,0,1,2,0,0,1,3,0,1,0,0,0,0,1,0,2,1,0,0,0,0,0,0,0,0,1,0,0,0,3,1,0,0,0,1,1,0,0,1,0,0,0,2,0,3,0,1,0,0,0,2
0,0,0,0,1,0,0,0,0,1,2,0,0,1,0,6,0,0,1,44,0,2,0,0,1,0,1,0,0,2,0,4,1,0,2,0,0,0,0,0,0,0,1,2,0,0,2,0,0,0,0,3,1,0,0,2,0,0,0,0,1,0,0,0,1,0,1,0,0,1,0,0,0,1,1,0,0,1,0,0,0,0,0,0,2,4,0,0,0,2,1,0,0,2,0,2,0,0,0,0
1,0,0,0,0,2,1,1,0,1,0,1,0,0,0,1,1,0,0,0,75,1,0,0,0,4,0,0,1,0,0,0,1,0,0,0,0,0,1,0,1,0,0,0,0,0,0,0,0,0,0,1,0,0,0,0,0,0,1,0,0,0,0,0,0,0,0,0,0,0,0,0,0,0,0,0,0,0,0,0,0,1,0,1,1,0,0,0,0,0,0,0,0,0,2,0,0,0,0,0
0,0,1,6,2,0,0,1,0,0,0,0,0,0,0,0,0,0,0,1,0,67,0,0,0,0,0,0,1,1,0,3,0,0,0,0,0,1,2,0,1,0,0,0,0,0,0,0,1,0,0,0,0,0,0,1,0,0,1,0,0,0,0,2,0,0,1,0,0,0,0,0,2,0,0,0,0,0,2,0,1,0,0,0,0,0,0,0,0,0,0,0,0,0,0,0,0,0,2,0
0,0,1,0,0,0,0,0,7,0,3,0,0,0,2,1,0,0,0,0,1,0,42,0,1,2,2,0,0,0,0,0,0,1,0,1,1,1,0,1,2,0,0,1,0,0,0,1,4,0,0,0,0,1,0,0,0,0,0,0,0,6,0,1,1,2,0,0,0,1,0,0,0,0,0,0,2,0,1,0,0,0,0,0,0,0,2,3,1,0,0,0,0,0,0,0,0,1,2,1
0,0,0,1,0,0,0,0,0,0,0,0,1,0,0,0,0,1,0,0,0,0,0,70,0,0,0,0,0,0,0,0,0,0,0,0,0,0,0,0,0,0,0,0,0,0,0,0,0,5,0,0,0,0,0,0,0,1,0,0,3,1,0,1,1,0,0,0,0,1,0,8,0,2,0,0,1,0,0,1,0,0,0,0,0,0,1,0,0,0,0,0,0,0,0,0,0,0,0,1
0,0,0,1,0,0,0,6,0,1,0,0,0,0,0,0,0,0,1,0,0,0,0,0,73,1,0,0,0,1,0,0,0,0,0,0,0,0,0,1,0,0,0,0,2,3,0,0,0,0,0,0,0,0,0,0,0,0,0,0,0,1,0,0,0,1,0,0,0,0,0,0,0,0,2,0,0,1,0,2,1,0,0,0,0,0,0,0,0,0,0,0,0,1,0,0,0,0,0,1
1,0,0,1,0,7,0,0,0,1,6,0,1,1,0,0,2,2,1,0,3,0,1,0,0,35,1,0,0,0,0,0,0,1,0,0,0,2,0,1,3,1,0,0,0,1,0,0,0,0,0,0,0,0,0,1,0,1,1,0,0,1,1,0,1,1,0,0,0,0,0,0,0,0,0,0,0,0,0,0,1,0,0,0,5,1,2,5,0,0,1,0,0,1,4,0,0,0,1,0
0,0,2,0,1,0,2,1,1,0,1,0,0,0,0,0,0,0,1,0,0,1,0,0,1,2,42,0,0,3,0,0,0,0,0,1,0,0,0,0,0,0,0,0,3,8,2,1,0,0,1,1,0,0,1,0,0,1,0,0,0,0,1,1,1,0,1,1,0,0,0,0,0,0,1,0,0,2,0,2,0,1,0,2,0,0,1,0,1,0,0,2,0,5,0,0,0,0,0,1
0,0,0,0,1,0,0,0,1,0,0,0,0,1,1,0,0,0,2,0,0,0,0,0,0,1,2,45,0,1,0,0,3,1,0,0,1,0,3,0,1,0,1,1,6,1,0,0,0,0,1,1,0,0,0,0,0,0,0,0,0,0,0,1,1,0,0,1,0,0,0,0,5,2,2,1,0,2,1,0,1,0,0,0,0,0,0,0,1,1,0,2,0,1,0,1,1,1,0,0
0,0,2,0,1,0,0,0,0,2,4,0,0,0,1,0,1,0,1,0,1,1,2,0,0,0,0,0,52,1,1,0,0,0,2,0,2,0,0,0,5,0,0,0,1,0,0,0,0,0,1,1,0,1,1,0,1,0,0,0,0,4,1,0,0,1,0,0,0,0,0,0,1,0,0,0,0,0,0,2,0,0,0,0,1,0,2,0,0,0,0,0,0,0,0,2,0,0,1,0
0,1,0,1,1,1,0,3,0,0,1,0,1,1,1,2,0,0,0,2,1,0,0,0,1,0,0,0,1,46,0,2,0,1,1,0,0,1,1,0,0,0,1,1,0,1,0,0,1,0,1,1,1,0,1,1,1,1,0,0,0,0,0,2,2,1,2,0,0,0,0,0,0,0,0,1,1,0,1,0,0,0,0,0,0,1,0,0,1,3,1,0,0,1,0,0,0,2,0,0
0,0,1,0,0,0,0,0,0,0,0,0,0,1,0,0,0,0,0,0,0,0,0,1,0,0,0,1,0,0,55,0,0,0,0,1,0,0,0,0,0,0,0,0,1,0,0,0,0,0,1,0,0,0,0,3,0,0,0,0,0,0,0,0,0,0,0,4,0,0,0,0,3,7,0,0,0,1,0,0,0,0,0,0,0,0,0,0,0,0,1,1,0,3,0,14,0,0,0,1
0,0,0,6,0,0,1,0,1,0,0,1,0,0,0,5,0,0,0,3,0,0,0,0,0,0,0,0,0,5,0,52,2,1,0,0,0,0,3,0,0,0,1,1,0,0,0,0,1,0,1,0,0,0,0,0,1,0,0,0,0,0,0,1,2,0,2,0,2,0,0,0,1,0,0,1,0,0,0,0,0,1,0,0,0,1,0,0,0,1,0,0,0,1,0,1,0,0,1,0
0,1,0,0,1,0,0,0,0,0,1,2,0,0,0,0,0,0,1,1,0,2,0,0,1,1,1,0,0,1,0,2,43,0,0,2,0,1,1,1,0,0,3,0,1,0,1,0,0,1,0,0,0,0,0,1,0,0,1,0,0,1,0,0,1,1,0,3,1,1,0,0,1,1,2,0,0,1,0,0,0,0,0,0,0,0,1,1,0,0,1,3,1,4,1,0,0,0,3,1
0,0,0,0,0,0,0,0,1,2,0,0,1,0,0,1,1,0,0,1,0,0,0,0,0,0,0,0,0,0,0,1,0,48,0,0,0,2,0,0,1,0,0,1,0,0,0,1,0,3,0,1,1,0,0,0,2,0,0,2,3,0,0,1,0,1,1,0,0,0,0,2,0,0,1,1,1,1,0,2,0,3,2,0,0,0,0,1,0,2,0,0,1,0,0,0,7,0,0,0
0,0,1,2,0,0,1,0,0,0,0,1,0,0,0,1,0,0,0,1,0,0,0,0,0,0,1,0,0,1,0,0,0,0,60,0,0,1,2,0,0,0,0,8,0,0,0,0,0,0,0,0,0,1,0,1,0,1,0,0,0,0,0,0,2,0,0,0,0,0,0,0,2,0,0,2,0,4,1,0,2,0,0,0,1,0,0,0,2,0,0,0,0,0,0,0,0,1,0,0
0,0,9,0,0,0,0,0,0,0,0,13,0,0,0,1,1,0,0,0,0,1,0,0,0,1,0,0,1,0,0,0,1,0,0,29,3,1,1,0,1,0,0,3,0,1,9,0,0,0,0,0,0,1,2,0,0,0,0,0,0,0,0,0,0,0,0,0,0,0,0,0,0,0,1,0,0,0,0,0,0,0,0,0,0,0,1,1,0,0,0,2,0,1,0,0,0,0,15,0
0,0,2,0,2,0,0,0,0,0,0,1,0,0,0,0,0,0,0,0,1,0,2,0,0,0,0,0,0,0,0,0,0,0,0,2,50,1,1,1,1,0,0,5,0,0,0,0,0,0,5,1,0,0,0,0,0,1,1,0,0,0,0,0,1,8,0,1,0,0,0,0,1,0,3,0,0,1,0,0,1,0,0,0,1,0,0,0,0,0,0,0,0,2,0,0,0,1,3,0
0,0,0,0,0,1,0,0,0,0,0,0,6,2,0,2,0,8,0,0,1,0,0,1,0,1,0,0,1,0,0,0,0,0,1,0,0,46,0,0,0,0,0,0,0,1,1,0,0,2,1,0,2,0,0,0,1,0,1,1,0,0,0,0,0,0,0,0,0,0,0,0,0,0,0,0,2,0,0,0,0,7,0,0,2,2,0,2,0,1,2,0,0,0,2,0,0,0,0,0
0,0,1,0,1,0,2,1,0,0,1,0,0,0,0,0,0,1,0,3,0,1,1,0,0,0,2,0,1,3,1,3,0,0,6,0,0,0,36,0,0,1,1,4,3,0,1,0,0,0,1,1,0,0,0,3,0,0,0,0,0,0,0,1,0,2,3,0,0,0,0,0,0,0,1,0,1,1,1,2,4,0,0,0,0,0,0,0,0,1,0,0,0,1,0,0,0,2,0,1
0,0,0,0,0,2,1,1,0,0,0,0,1,0,0,0,0,0,0,0,1,0,0,2,0,0,0,0,0,0,1,1,0,0,0,1,0,1,0,68,0,0,0,0,0,0,0,0,0,0,1,0,0,0,0,0,0,0,0,0,3,1,0,0,0,0,1,1,0,0,0,0,2,0,0,0,1,0,3,0,0,1,0,1,1,1,0,0,0,0,0,0,0,0,0,1,0,1,0,1
1,0,0,0,0,1,0,0,0,2,0,1,0,0,0,2,2,0,0,1,2,0,1,0,0,2,1,1,7,0,0,0,0,1,0,1,0,1,0,0,48,0,0,0,1,0,1,0,0,0,0,1,0,0,0,0,3,0,0,1,1,1,0,0,0,0,0,1,0,3,0,0,0,1,0,1,0,0,1,1,0,0,0,0,0,0,0,2,0,0,0,0,1,0,3,0,0,0,0,2
0,0,0,0,0,0,0,2,1,0,1,1,0,0,3,0,0,0,0,0,0,0,0,0,0,0,0,0,0,1,0,1,0,0,0,0,0,0,1,0,0,73,0,0,0,1,0,0,1,0,0,0,0,0,0,0,1,1,1,0,0,0,0,0,0,0,1,0,0,0,0,0,0,0,1,0,0,0,0,0,0,0,0,0,0,2,1,1,0,3,1,0,0,0,0,0,0,0,0,1
0,0,1,0,2,0,0,0,2,0,1,0,0,0,0,1,0,0,0,0,0,0,0,1,0,1,0,2,0,0,0,0,1,0,1,0,0,0,1,0,0,0,56,4,3,1,0,0,0,0,0,2,0,0,0,0,2,0,0,0,0,0,0,1,0,2,1,1,0,0,0,0,0,0,2,0,0,0,3,0,0,0,0,0,0,0,2,0,3,0,0,0,0,2,0,0,1,0,0,0
0,0,0,0,3,0,1,0,0,0,1,0,0,0,0,1,0,0,1,2,0,0,0,0,0,0,0,0,1,0,0,1,0,0,4,0,1,0,1,0,0,0,3,65,0,0,0,0,0,0,1,0,0,1,0,1,1,0,0,0,0,0,0,0,0,1,1,0,0,0,0,0,0,0,2,0,0,0,1,0,0,0,1,0,0,0,1,0,1,2,0,0,0,0,0,0,0,0,1,0
0,0,1,0,1,2,2,8,1,2,1,0,0,1,0,0,0,0,2,0,0,0,0,0,2,1,3,5,0,2,1,0,0,0,0,0,0,0,1,0,0,0,2,0,26,1,0,0,1,1,0,1,0,0,0,1,0,1,1,0,0,0,0,0,0,0,0,0,1,0,0,0,1,1,1,0,0,4,6,3,2,0,0,0,0,0,1,1,0,0,0,4,0,4,0,0,0,0,0,0
0,1,2,1,1,0,0,1,1,0,0,1,1,0,1,0,1,0,0,0,0,0,0,0,3,0,11,0,1,5,0,0,0,0,1,0,0,0,0,1,0,1,0,0,0,32,0,0,2,0,1,1,0,1,1,0,1,0,0,0,0,2,1,0,1,1,0,1,1,0,0,1,1,0,1,0,0,0,4,2,1,0,1,0,0,0,3,1,0,0,0,3,0,2,0,0,0,0,0,0
0,0,7,0,0,0,1,0,1,0,1,15,1,0,0,2,0,0,0,0,0,2,0,1,0,0,0,0,1,2,0,0,4,0,1,12,0,0,1,0,1,0,0,0,0,0,26,0,0,0,0,0,0,0,0,1,0,0,1,1,0,0,1,0,1,1,2,0,0,0,0,0,0,0,0,0,0,0,0,0,0,0,0,0,1,0,2,2,0,0,0,0,0,1,0,0,0,1,6,0
0,1,0,0,0,0,1,1,0,0,0,0,0,0,0,0,0,0,0,0,0,0,0,0,0,1,0,0,0,0,0,0,0,1,0,0,0,0,0,0,0,0,0,0,0,1,0,62,0,0,0,0,21,0,0,0,1,0,0,4,0,0,0,0,0,0,0,0,0,0,0,0,0,0,0,0,0,0,0,0,0,0,0,0,0,0,0,0,0,0,0,0,0,0,0,0,6,0,0,0
0,0,0,0,0,0,0,1,2,0,0,0,0,1,0,0,1,0,0,0,0,0,0,0,0,0,1,0,0,0,0,0,0,0,0,0,0,0,0,0,0,3,0,0,0,0,1,0,76,0,0,0,0,0,0,0,1,0,0,0,0,0,0,0,0,0,0,0,0,0,0,0,1,1,0,1,0,0,1,0,0,0,0,0,0,0,3,0,0,4,2,0,0,0,0,0,0,0,0,0
1,1,0,0,0,0,0,0,0,0,0,0,0,0,0,0,0,0,0,0,0,0,0,2,0,0,0,0,0,0,3,2,0,1,0,0,0,0,0,0,1,0,0,0,0,0,0,0,0,71,0,0,0,0,0,0,0,0,0,2,1,0,0,0,0,0,0,1,0,0,0,2,0,1,0,0,3,1,0,0,0,0,0,0,0,1,0,1,0,0,1,0,1,0,0,2,0,1,0,0
0,0,1,0,3,0,1,0,0,0,0,0,0,0,0,0,0,0,0,0,0,1,0,0,0,0,1,1,1,2,0,0,2,1,0,0,5,0,1,0,0,0,0,3,2,1,0,0,0,0,36,1,0,0,0,1,0,0,0,0,0,0,0,2,5,5,3,2,1,1,0,0,0,0,9,1,0,2,0,1,1,0,0,0,0,1,0,0,0,0,0,0,0,0,0,0,1,1,0,0
0,0,0,0,0,0,1,0,0,0,0,0,0,0,0,1,0,0,0,2,0,0,0,0,0,0,3,0,0,1,0,1,2,2,0,0,0,0,1,0,2,0,1,1,1,0,0,0,0,0,0,62,0,0,0,1,0,0,1,0,0,0,1,0,0,2,1,0,0,0,0,0,0,0,1,1,0,0,2,2,0,0,0,0,0,1,0,0,1,0,0,0,1,2,0,0,0,1,0,1
0,0,0,0,0,0,0,0,0,0,0,0,0,0,0,0,0,0,0,0,0,0,0,0,0,0,0,0,0,1,0,0,0,0,0,0,0,0,0,0,0,0,0,0,0,0,0,16,0,0,0,0,73,0,0,0,1,0,0,6,0,0,0,0,0,0,0,0,0,0,0,0,0,1,0,0,0,0,0,0,0,0,0,0,0,0,0,0,0,0,0,0,0,0,0,0,2,0,0,0
1,0,0,0,0,0,0,0,0,0,0,0,0,0,0,0,0,0,0,0,0,0,0,0,0,0,0,0,0,0,0,0,0,0,0,0,0,0,0,0,0,0,0,0,0,0,0,0,0,0,1,0,0,83,0,0,0,2,0,0,0,1,0,0,0,0,0,0,0,0,0,0,0,0,0,0,0,1,0,1,0,0,1,7,0,0,0,0,0,0,0,0,2,0,0,0,0,0,0,0
0,0,0,0,0,0,0,0,0,0,0,0,0,0,0,0,1,0,0,0,0,0,0,0,1,0,1,0,1,2,0,1,0,0,0,0,0,1,0,1,0,1,0,0,0,1,0,0,0,0,0,0,0,0,65,0,0,0,0,0,0,1,3,0,1,1,0,0,0,1,5,0,0,0,1,0,0,0,0,0,0,0,1,1,0,0,0,0,0,0,0,0,5,1,0,0,0,1,0,2
0,0,0,4,4,0,0,0,0,0,1,1,0,0,0,2,0,0,1,2,0,4,0,1,1,0,3,3,0,3,6,1,0,0,0,0,0,0,4,0,1,0,0,0,0,0,2,0,0,0,1,2,0,0,0,20,1,0,1,0,0,0,0,1,2,2,3,1,0,1,0,0,8,1,2,0,0,1,1,1,1,1,0,0,0,0,1,0,0,0,0,1,0,1,0,1,0,1,0,0
0,0,0,0,0,0,0,0,0,0,0,0,0,0,0,1,0,0,0,0,0,0,0,0,0,0,0,0,0,0,0,0,0,1,0,0,0,0,1,0,0,0,0,0,1,0,0,1,0,0,0,1,0,0,0,0,77,1,0,8,0,0,0,0,0,0,0,0,0,0,1,0,1,0,0,1,0,0,0,1,0,0,1,1,0,1,0,0,0,0,0,0,0,0,0,0,1,0,0,0
6,0,0,0,0,1,0,0,0,1,0,0,0,1,0,0,0,0,1,1,0,0,0,0,1,0,1,0,1,0,0,0,0,0,2,0,0,0,0,0,0,0,0,0,1,1,0,0,0,0,0,0,0,3,0,1,1,58,0,0,0,0,0,0,0,0,0,0,0,0,1,0,0,0,0,0,1,2,0,1,0,0,1,8,0,0,1,1,1,0,0,0,1,0,1,0,0,0,0,0
0,0,0,0,0,1,0,0,1,0,0,0,0,12,0,0,0,0,0,0,0,0,0,0,0,0,1,0,0,0,0,0,0,0,0,0,0,1,0,0,0,2,0,0,0,0,0,0,1,0,0,0,0,0,0,0,0,0,66,0,0,0,0,0,0,0,0,0,1,0,0,0,0,0,0,0,0,0,0,0,0,2,0,0,1,2,0,1,0,2,5,1,0,0,0,0,0,0,0,0
0,0,0,0,0,0,0,0,0,0,0,1,0,0,0,0,0,1,1,0,0,0,0,0,0,0,0,1,1,0,0,0,0,0,0,0,0,0,0,0,0,0,0,0,0,0,0,3,0,3,0,0,18,0,0,0,5,0,1,56,0,0,0,0,0,0,2,0,0,0,0,0,0,0,0,0,0,0,0,0,0,0,0,0,0,0,0,0,0,0,1,0,0,0,0,1,5,0,0,0
0,0,0,0,0,0,0,0,0,0,0,0,0,0,0,0,0,0,0,0,0,0,0,2,0,0,0,0,0,0,0,0,0,2,0,0,0,0,0,1,0,0,1,0,0,0,0,0,0,4,0,0,1,0,0,0,0,0,0,0,78,0,0,0,0,0,0,0,3,2,0,3,0,0,0,0,0,0,0,0,0,0,1,0,0,0,0,2,0,0,0,0,0,0,0,0,0,0,0,0
0,0,0,0,0,0,0,0,0,1,14,0,0,0,0,0,5,0,0,0,0,0,13,0,0,0,0,0,0,0,0,0,1,0,0,0,1,0,0,0,1,0,0,0,0,0,0,0,1,0,0,0,0,0,0,0,0,1,0,0,0,54,0,1,0,0,0,0,0,0,0,0,0,0,0,0,0,1,2,0,0,0,0,0,0,0,0,0,0,0,0,0,0,1,0,0,0,0,2,1
1,3,0,0,0,0,2,0,0,0,0,0,0,0,0,0,0,0,0,0,0,0,0,0,0,0,1,0,1,0,0,0,2,0,0,0,0,0,0,0,0,0,0,0,0,0,0,0,0,0,0,0,0,2,3,0,0,0,0,0,0,0,63,0,0,0,0,0,0,0,5,0,1,0,0,0,0,0,0,1,0,0,1,5,0,0,0,0,0,1,0,0,8,0,0,0,0,0,0,0
1,0,0,5,6,0,0,0,0,0,1,0,0,0,0,0,0,0,2,0,0,0,1,0,0,0,0,2,1,0,0,0,1,0,1,0,0,0,1,0,0,0,1,0,1,0,0,0,0,0,2,1,0,0,0,3,0,0,0,0,0,0,0,51,2,2,0,1,0,0,0,0,1,1,4,0,0,1,0,1,0,0,0,0,0,0,0,0,0,0,1,0,0,3,0,0,0,1,0,1
0,0,1,1,1,0,1,0,0,0,1,1,1,0,1,1,0,0,0,0,0,1,0,0,0,0,0,2,0,0,1,1,0,0,0,2,3,0,3,0,0,1,1,0,4,0,0,0,0,0,3,0,1,0,0,3,0,0,0,0,0,0,0,1,35,7,9,0,0,0,0,0,2,0,3,0,0,1,0,0,2,0,0,0,1,0,1,0,0,0,0,0,0,0,0,0,0,3,0,0
0,0,0,3,1,2,0,0,0,1,0,0,0,0,0,0,1,0,0,2,0,2,0,1,0,1,1,0,0,0,1,2,1,1,3,0,3,1,7,0,1,0,2,0,0,0,1,0,0,0,1,0,0,0,0,2,0,1,0,0,0,1,0,2,3,36,0,1,0,1,0,0,2,0,2,0,0,1,0,0,1,0,0,0,0,1,1,0,0,0,1,0,0,0,0,1,0,3,1,0
0,0,0,1,2,0,0,1,0,0,0,0,0,0,0,2,0,0,0,1,1,1,2,0,0,0,0,1,0,5,0,0,1,0,0,1,1,0,3,0,0,0,0,0,2,0,0,0,1,0,0,1,0,0,0,2,0,0,0,0,0,0,0,0,1,3,43,1,0,0,0,0,1,0,3,6,0,0,0,0,1,0,0,0,0,1,0,0,0,0,0,1,0,1,0,0,0,8,0,1
0,1,1,0,1,0,0,0,0,0,3,0,0,1,0,0,0,0,0,0,0,0,0,1,0,0,0,1,1,1,7,0,3,0,0,0,0,0,0,0,0,0,0,1,0,0,0,0,0,1,1,1,0,0,0,3,0,1,0,0,0,0,0,2,1,1,0,34,0,0,0,0,5,11,3,0,0,0,0,2,0,0,0,0,1,0,1,0,0,0,1,0,0,4,0,2,0,0,0,3
0,0,0,0,0,1,0,0,0,0,0,0,4,0,0,0,0,0,0,0,0,0,0,0,0,0,0,0,0,0,0,1,0,1,0,0,0,1,0,0,0,0,0,0,0,0,0,0,0,0,0,0,0,0,0,0,0,0,0,0,0,1,2,1,0,0,0,0,84,0,0,2,0,0,0,0,0,0,0,0,0,0,0,0,0,0,0,0,0,0,1,0,0,0,0,1,0,0,0,0
0,0,0,0,0,0,0,0,0,2,0,0,1,0,0,0,1,0,0,0,0,0,0,0,0,0,0,0,2,0,3,0,1,0,0,0,0,0,0,1,6,0,0,0,1,0,0,0,1,0,1,0,0,0,0,0,0,0,0,0,0,0,0,0,0,0,0,0,0,68,0,0,0,0,0,1,3,0,1,1,0,0,0,0,0,1,1,1,0,0,0,0,0,0,0,1,0,0,0,2
2,0,0,0,0,0,0,0,0,0,1,0,0,0,0,0,0,0,0,0,2,0,0,0,0,0,1,0,0,1,0,0,0,0,0,0,0,0,0,0,0,0,0,0,0,2,1,0,0,0,0,1,0,0,5,0,0,0,0,0,0,1,7,0,1,0,0,0,1,0,51,0,0,0,0,0,0,0,0,0,0,1,2,8,0,0,0,0,0,0,0,0,10,1,0,0,0,0,1,0
0,0,0,0,0,0,0,0,0,0,0,0,1,0,0,0,0,0,0,0,0,0,0,5,0,0,0,0,0,0,1,0,0,1,0,0,0,0,0,0,0,0,0,0,0,0,2,0,0,4,0,0,0,0,0,0,1,0,0,0,5,0,0,0,1,0,0,0,0,0,0,78,0,1,0,0,0,0,0,0,0,0,0,0,0,0,0,0,0,0,0,0,0,0,0,0,0,0,0,0
0,0,1,5,1,0,0,1,0,0,0,0,1,0,0,2,0,0,0,1,2,0,0,0,1,1,0,2,0,2,2,1,1,0,1,0,0,0,0,1,0,0,1,0,2,0,0,1,0,1,0,0,0,0,0,10,1,1,0,1,0,0,0,0,0,1,2,3,0,0,0,0,28,0,2,4,1,2,1,0,0,0,1,0,0,1,1,0,0,0,4,1,0,1,0,3,0,0,0,0
1,1,0,0,0,0,0,0,0,0,0,2,0,0,0,1,0,0,0,0,0,0,0,0,0,1,1,1,0,0,10,0,0,0,0,1,0,0,0,0,0,0,0,0,0,0,0,0,0,0,0,0,0,0,0,1,0,0,0,0,0,0,0,0,0,2,0,6,2,2,0,0,3,40,1,0,0,0,0,0,0,0,0,0,0,1,0,0,0,0,0,4,0,10,0,8,0,0,0,1
0,0,0,1,4,0,1,4,0,0,1,0,0,0,1,0,0,0,0,0,1,0,0,0,0,0,3,2,0,1,0,0,0,1,1,0,0,0,2,1,0,1,1,1,2,0,0,0,0,0,8,1,0,0,0,4,0,0,0,0,0,0,0,4,2,2,0,0,1,0,0,0,0,0,39,0,0,3,0,2,1,0,0,0,0,0,0,1,1,0,0,0,0,1,0,0,0,1,0,0
0,0,0,3,0,0,0,1,0,1,0,0,1,0,0,0,0,0,0,1,0,0,1,0,1,1,0,2,0,0,0,0,0,0,0,0,0,0,1,0,0,0,0,0,0,0,0,0,1,0,0,1,0,0,0,0,0,0,1,0,0,0,0,0,1,0,2,0,0,0,0,0,0,0,0,77,0,0,0,1,0,0,0,0,1,1,0,0,0,0,1,0,0,0,0,0,0,0,0,0
0,0,0,0,0,0,0,0,0,0,3,0,1,0,0,2,0,2,0,0,0,0,0,0,0,0,0,0,1,0,0,0,0,0,0,0,0,0,0,0,0,0,1,0,1,0,0,0,0,2,0,1,0,0,0,0,1,1,0,0,0,0,0,0,0,0,0,0,0,3,0,0,0,1,0,0,77,0,0,0,0,1,0,0,0,0,0,1,0,0,0,0,0,0,0,1,0,0,0,0
0,2,1,0,1,1,2,4,0,0,3,0,0,0,1,0,0,0,0,0,0,0,1,0,0,0,1,1,0,0,1,0,1,0,3,1,1,0,1,1,0,0,0,0,1,0,1,0,0,0,2,4,0,0,0,4,0,2,0,0,0,0,0,1,0,1,0,1,0,0,1,0,0,0,0,0,0,40,2,3,5,0,0,0,0,1,0,0,1,0,0,0,0,2,0,0,0,0,0,1
0,1,0,0,0,1,0,4,2,1,0,0,0,0,0,0,0,0,1,0,0,2,1,0,0,0,4,0,0,0,0,1,1,0,0,1,1,0,1,1,0,0,1,0,5,1,0,0,0,0,0,4,1,0,0,0,0,0,1,0,0,3,0,0,0,0,4,0,0,0,0,0,1,1,0,1,0,1,40,0,2,0,0,1,0,0,1,0,0,0,0,1,0,0,0,0,0,1,0,7
0,0,0,0,0,0,6,3,1,0,0,0,0,0,0,2,0,0,3,0,0,0,0,0,0,0,3,2,0,3,0,0,0,2,0,0,0,1,0,0,1,0,0,0,3,0,1,0,0,0,1,1,0,0,0,0,2,0,0,1,0,0,0,0,2,0,0,0,0,1,0,0,2,2,0,0,0,3,1,45,1,0,1,0,0,0,0,0,0,0,0,1,0,0,0,0,0,1,0,4
0,1,0,2,0,1,0,0,0,0,0,0,0,0,0,0,0,1,1,1,0,0,0,0,0,1,0,3,0,0,0,0,2,1,3,0,0,0,7,0,1,0,1,2,1,0,0,0,0,0,2,2,0,0,0,2,0,0,0,0,0,0,0,4,2,7,1,1,0,1,0,0,3,0,2,1,0,2,0,2,27,0,0,0,0,0,0,0,2,1,0,0,0,2,0,1,1,4,1,0
0,0,0,0,0,0,0,0,0,0,0,0,3,15,0,0,0,0,0,1,0,0,0,0,0,1,0,0,0,2,0,0,0,0,0,0,0,3,0,0,0,0,1,0,0,0,0,0,0,0,1,0,0,0,0,0,0,0,3,0,0,0,0,0,0,1,0,0,3,0,0,0,0,0,0,0,1,0,1,0,0,52,0,0,1,0,0,0,0,3,6,0,0,0,1,1,0,0,0,0
0,1,0,0,0,0,2,0,0,0,0,0,0,0,1,0,0,0,0,1,0,0,0,0,0,0,0,0,0,0,0,0,0,0,0,0,0,0,0,0,0,0,0,0,0,0,0,0,0,0,0,0,0,0,0,0,0,0,0,0,1,0,3,0,0,0,0,0,0,0,1,0,0,0,0,0,0,0,0,0,0,1,84,2,0,0,0,0,0,0,0,0,2,1,0,0,0,0,0,0
6,0,0,0,0,0,0,1,0,0,0,1,0,0,2,0,1,0,0,0,0,0,0,0,0,1,0,0,2,0,0,0,0,1,0,0,0,0,0,0,0,1,0,0,0,1,0,0,0,0,0,0,0,7,1,0,0,5,0,0,0,0,6,0,0,0,0,0,0,0,3,0,0,0,0,0,0,0,1,0,0,0,1,55,0,0,0,0,0,0,0,0,3,0,1,0,0,0,0,0
0,0,1,0,0,8,1,1,1,2,3,2,1,1,0,0,0,1,0,0,4,0,2,0,0,1,0,0,1,1,0,0,1,0,0,1,0,1,0,0,2,0,0,0,0,2,1,0,1,0,1,0,0,0,0,0,0,0,0,0,0,1,0,0,0,1,0,0,0,0,0,1,0,2,0,0,0,0,1,0,0,0,1,0,44,1,0,2,1,0,0,0,1,1,0,0,0,1,0,1
0,0,0,0,0,0,0,0,0,0,0,0,0,1,0,1,0,1,0,0,0,1,1,0,0,1,3,1,1,0,1,0,0,1,0,0,0,2,0,0,0,1,0,0,1,0,0,0,0,0,0,0,1,0,0,0,2,0,3,2,0,1,0,0,0,0,1,0,0,2,0,1,0,0,0,1,0,0,0,0,0,1,0,0,0,58,0,0,0,3,6,1,0,0,0,0,0,0,0,0
0,1,0,0,0,0,1,0,0,0,3,0,0,0,0,0,4,0,0,0,1,0,3,0,0,2,0,0,2,1,0,0,0,0,0,0,0,0,0,2,4,1,0,0,0,1,0,0,0,1,0,0,0,0,0,0,0,0,0,0,0,0,0,1,0,0,1,0,0,0,0,0,0,0,0,1,0,0,0,0,0,0,1,0,0,1,54,6,0,0,1,0,0,0,4,1,0,0,1,1
0,0,1,0,0,1,0,0,0,0,0,0,1,2,0,0,4,0,0,0,1,0,1,0,0,1,0,0,0,0,0,0,0,2,0,1,0,2,0,0,4,0,0,0,0,0,0,0,0,0,0,1,0,0,0,0,0,0,1,0,0,0,0,0,1,0,0,0,0,0,0,0,0,0,0,0,1,0,0,0,0,2,1,0,3,0,2,56,0,1,1,0,0,0,6,1,0,0,2,0
0,0,0,1,1,0,0,1,0,0,0,0,0,0,0,0,0,0,0,1,0,0,1,0,0,0,1,1,0,1,0,0,0,0,10,0,1,0,0,0,0,0,3,6,0,1,0,0,0,1,2,1,0,0,0,1,1,0,0,0,0,0,0,0,0,0,0,0,0,0,0,0,0,0,0,0,0,1,1,0,1,1,0,0,0,0,1,0,59,0,0,0,0,0,0,0,0,1,0,0
0,0,0,0,1,0,1,1,4,0,0,0,0,0,0,0,0,0,0,0,0,1,0,0,0,0,1,0,0,0,0,0,0,1,0,0,0,0,0,0,0,1,0,0,0,0,0,0,5,0,0,0,0,0,0,1,0,0,2,0,0,0,0,0,0,0,0,0,0,1,0,0,0,0,0,0,0,0,1,0,0,0,0,0,0,0,0,0,1,74,3,0,0,0,0,0,0,1,0,0
0,2,0,1,0,0,0,0,0,0,1,0,3,4,0,0,0,0,0,1,0,0,1,0,0,2,0,1,0,0,0,0,0,0,0,1,0,1,0,0,1,1,0,0,1,0,1,0,0,1,0,0,0,0,0,0,0,0,1,1,0,0,0,0,0,0,0,0,0,1,0,0,0,0,0,0,1,0,0,0,0,8,0,1,0,3,1,1,0,5,53,0,0,0,0,1,0,0,0,0
0,2,0,0,0,1,1,1,0,0,1,0,1,0,0,0,0,0,2,0,0,0,0,0,1,1,0,0,0,0,0,0,0,0,0,0,0,0,0,0,0,0,0,1,1,0,1,0,0,0,1,0,0,0,1,1,0,1,0,0,0,0,1,0,0,1,0,0,1,2,0,0,2,3,0,0,0,0,0,0,0,1,0,0,1,1,0,0,0,1,0,65,0,3,0,0,0,0,0,0
3,2,0,0,0,0,4,0,1,0,0,0,0,0,0,0,1,0,1,0,1,0,0,0,0,0,0,0,0,0,0,0,0,0,0,0,0,0,0,0,1,0,0,0,0,1,0,0,0,0,0,0,0,0,10,0,0,1,0,0,0,0,9,0,0,0,1,0,0,0,12,0,0,0,0,0,0,0,0,0,0,0,1,3,0,0,0,0,1,0,0,0,47,0,0,0,0,0,0,0
0,1,0,1,1,0,1,2,0,0,2,0,0,0,0,0,0,0,2,0,0,0,0,0,0,0,2,0,1,3,7,0,4,0,0,0,0,0,1,0,0,0,1,0,3,0,0,0,0,0,2,0,0,0,0,1,1,1,0,0,0,1,0,2,1,2,1,6,1,0,0,0,3,6,2,1,0,3,0,2,0,0,0,0,0,0,0,0,0,1,0,0,0,31,0,0,0,0,0,0
0,0,0,0,0,1,0,0,0,1,0,0,0,0,0,0,2,0,0,0,0,0,1,0,0,1,0,0,0,0,0,0,0,0,0,0,0,0,0,0,1,0,0,1,0,0,0,0,0,0,0,1,0,0,0,0,0,0,0,0,0,0,0,0,0,0,0,0,0,0,0,0,0,0,0,0,1,0,0,0,0,0,0,0,2,0,2,2,0,0,0,0,0,0,84,0,0,0,0,0
0,1,0,0,0,0,0,0,0,0,1,0,1,0,0,0,0,0,0,1,0,0,0,0,0,0,0,0,0,0,7,0,0,0,1,0,0,0,0,0,0,0,0,0,0,1,0,0,0,0,0,0,0,0,0,3,0,0,0,0,0,0,0,0,0,0,1,2,0,0,0,0,2,7,0,1,0,0,0,0,0,0,0,0,0,0,2,0,0,0,0,0,0,0,0,67,0,0,0,2
0,0,0,0,0,0,0,0,0,0,0,0,0,0,0,0,0,0,0,0,0,0,0,0,0,0,0,0,0,0,0,0,0,4,1,0,0,1,1,0,1,0,0,0,0,0,0,14,0,0,0,0,18,0,0,0,1,1,0,7,1,0,0,1,0,0,0,2,0,0,0,0,0,0,0,0,0,0,0,0,0,0,0,0,0,1,0,0,0,1,1,0,0,0,0,0,44,0,0,0
0,1,0,0,1,0,0,1,1,0,0,0,0,0,0,3,0,0,0,1,0,1,1,0,0,0,0,1,0,0,0,0,0,0,0,1,1,0,4,1,0,0,1,2,0,0,0,0,0,0,4,0,0,0,0,2,0,0,1,2,0,0,0,0,3,2,8,0,0,0,0,0,1,0,2,2,0,0,1,0,1,0,0,0,0,0,0,0,0,0,0,1,0,0,0,0,0,49,0,0
0,2,5,1,1,1,1,0,0,2,2,4,1,0,0,1,0,0,0,0,0,0,0,0,0,0,2,0,2,0,0,1,1,0,1,23,1,0,0,0,4,0,1,1,0,0,7,0,0,0,0,0,0,1,0,3,0,1,0,0,0,0,0,0,0,0,0,0,0,1,0,0,1,0,0,1,0,0,1,1,0,0,0,0,0,0,1,1,0,1,0,0,0,0,0,0,0,0,21,1
0,0,1,1,0,0,0,0,0,1,0,0,0,0,0,0,0,0,0,0,0,0,2,0,0,1,3,0,0,0,1,0,0,0,0,0,0,0,0,1,0,0,0,0,3,1,0,0,0,0,0,3,0,0,0,0,0,0,0,0,0,6,0,0,0,0,1,0,0,0,0,0,1,0,2,0,0,0,8,0,0,0,0,2,0,0,0,1,0,0,0,0,1,0,0,1,0,0,0,59
